"","#","Country,Other","TotalCases","NewCases","TotalDeaths","NewDeaths","TotalRecovered","NewRecovered","ActiveCases","Serious,Critical","Tot Cases/1M pop","Deaths/1M pop","TotalTests","Tests/1M pop","Population","Continent","1 Caseevery X ppl","1 Deathevery X ppl","1 Testevery X ppl","New Cases/1M pop","New Deaths/1M pop","Active Cases/1M pop"
"1",1,"USA","34,213,198","+2,185","612,407","+41","28,132,752","+10,015","5,468,039","5,245","102,802","1,840","487,035,748","1,463,417","332,807,303","North America","10","543",1,7,0.1,"16,430"
"2",2,"India","28,995,633","+86,029","351,323","+2,094","27,334,770","+184,043","1,309,540","8,944","20,821","252","366,334,111","263,057","1,392,605,249","Asia","48","3,964",4,62,2,"940"
"3",3,"Brazil","16,947,062","","473,495","","15,342,286","","1,131,281","8,318","79,205","2,213","49,842,105","232,946","213,963,780","South America","13","452",4,NA,NA,"5,287"
"4",4,"France","5,713,917","+1,164","110,062","+64","5,425,261","+16,126","178,594","2,472","87,358","1,683","87,363,010","1,335,664","65,407,928","Europe","11","594",1,18,1,"2,730"
"5",5,"Turkey","5,293,627","+5,647","48,255","+91","5,167,350","+6,576","78,022","1,060","62,145","566","55,673,616","653,587","85,181,705","Asia","16","1,765",2,66,1,"916"
"6",6,"Russia","5,135,866","+9,429","124,117","+330","4,743,202","+6,756","268,547","2,300","35,179","850","140,600,000","963,062","145,992,723","Europe","28","1,176",1,65,2,"1,839"
"7",7,"UK","4,522,476","+5,683","127,841","+1","4,277,098","+2,005","117,537","134","66,295","1,874","189,171,158","2,773,054","68,217,623","Europe","15","534",0,83,0.01,"1,723"
"8",8,"Italy","4,233,698","+1,273","126,588","+65","3,918,657","+5,024","188,453","759","70,119","2,097","67,412,074","1,116,482","60,379,014","Europe","14","477",1,21,1,"3,121"
"9",9,"Argentina","3,955,439","","81,214","","3,529,033","","345,192","7,776","86,778","1,782","14,563,226","319,502","45,581,021","South America","12","561",3,NA,NA,"7,573"
"10",10,"Germany","3,709,268","+489","89,872","+21","3,542,700","+4,700","76,696","1,796","44,141","1,069","61,380,686","730,434","84,033,199","Europe","23","935",1,6,0.2,"913"
"11",11,"Spain","3,707,523","+3,122","80,236","+14","3,490,978","+3,792","136,309","1,124","79,269","1,715","51,240,666","1,095,550","46,771,639","Europe","13","583",1,67,0.3,"2,914"
"12",12,"Colombia","3,571,067","","91,961","","3,310,737","","168,369","6,582","69,494","1,790","17,573,266","341,982","51,386,468","South America","14","559",3,NA,NA,"3,277"
"13",13,"Iran","2,971,270","+4,907","81,183","+120","2,565,972","+13,571","324,115","3,687","34,960","955","20,812,819","244,884","84,990,551","Asia","29","1,047",4,58,1,"3,814"
"14",14,"Poland","2,875,328","+194","74,160","+8","2,645,877","+727","155,291","463","76,051","1,961","16,259,923","430,066","37,808,004","Europe","13","510",2,5,0.2,"4,107"
"15",15,"Mexico","2,433,681","+1,401","228,804","+50","1,939,596","+1,619","265,281","4,798","18,693","1,757","7,131,367","54,776","130,190,606","North America","53","569",18,11,0.4,"2,038"
"16",16,"Ukraine","2,215,052","+535","51,215","+33","2,094,971","+1,743","68,866","177","50,934","1,178","10,336,155","237,674","43,488,773","Europe","20","849",4,12,0.8,"1,584"
"17",17,"Peru","1,983,570","","186,511","","N/A","N/A","N/A","2,642","59,392","5,585","13,173,460","394,440","33,397,915","South America","17","179",3,NA,NA,"2,287"
"18",18,"Indonesia","1,863,031","+6,993","51,803","+191","1,711,565","+5,594","99,663","","6,745","188","17,320,620","62,708","276,209,283","Asia","148","5,332",16,25,0.7,"361"
"19",19,"South Africa","1,696,564","","56,974","","1,578,033","","61,557","546","28,275","950","11,876,594","197,935","60,002,614","Africa","35","1,053",5,NA,NA,"1,026"
"20",20,"Netherlands","1,664,427","+1,377","17,681","+3","1,535,791","+7,396","110,955","345","96,937","1,030","14,248,931","829,866","17,170,155","Europe","10","971",1,80,0.2,"6,462"
"21",21,"Czechia","1,663,607","+90","30,164","+3","1,626,306","+7","7,137","45","155,079","2,812","25,703,379","2,396,033","10,727,472","Europe","6","356",0,8,0.3,"665"
"22",22,"Chile","1,434,884","+6,928","30,058","+121","1,355,224","+7,548","49,602","3,247","74,467","1,560","15,284,313","793,222","19,268,654","South America","13","641",1,360,6,"2,574"
"23",23,"Canada","1,393,299","+736","25,742","+18","1,344,001","+1,356","23,556","873","36,618","677","35,171,179","924,351","38,049,583","North America","27","1,478",1,19,0.5,"619"
"24",24,"Philippines","1,276,004","+6,539","21,969","+71","1,195,181","+6,969","58,854","1,704","11,502","198","13,716,493","123,645","110,934,272","Asia","87","5,050",8,59,0.6,"531"
"25",25,"Iraq","1,229,121","+4,129","16,566","+28","1,146,745","+4,652","65,810","435","29,937","403","10,719,740","261,091","41,057,533","Asia","33","2,478",4,101,0.7,"1,603"
"26",26,"Romania","1,078,952","+89","30,878","+63","1,043,171","+273","4,903","315","56,436","1,615","9,229,046","482,741","19,118,013","Europe","18","619",2,5,3,"256"
"27",27,"Sweden","1,078,062","","14,485","","1,002,915","+9,724","60,662","150","106,131","1,426","10,239,089","1,008,002","10,157,809","Europe","9","701",1,NA,NA,"5,972"
"28",28,"Belgium","1,070,802","+928","25,033","+14","985,968","+7,217","59,801","330","92,021","2,151","14,255,140","1,225,033","11,636,538","Europe","11","465",1,80,1,"5,139"
"29",29,"Pakistan","933,630","+1,490","21,323","+58","864,931","+1,820","47,376","3,205","4,152","95","13,572,884","60,360","224,864,293","Asia","241","10,546",17,7,0.3,"211"
"30",30,"Portugal","853,034","+388","17,036","+2","812,174","+277","23,824","59","83,886","1,675","11,966,284","1,176,741","10,169,006","Europe","12","597",1,38,0.2,"2,343"
"31",31,"Israel","839,585","+14","6,418","","832,981","+49","186","34","90,026","688","14,739,061","1,580,427","9,326,000","Asia","11","1,453",1,2,NA,"20"
"32",32,"Bangladesh","812,960","+1,970","12,869","+30","753,240","+1,918","46,851","1,202","4,891","77","6,067,042","36,502","166,213,171","Asia","204","12,916",27,12,0.2,"282"
"33",33,"Hungary","806,089","+81","29,866","+12","717,254","+1,091","58,969","67","83,641","3,099","5,916,866","613,942","9,637,497","Europe","12","323",2,8,1,"6,119"
"34",34,"Japan","762,401","+2,078","13,574","+51","706,644","+3,119","42,183","1,120","6,045","108","14,964,722","118,659","126,115,684","Asia","165","9,291",8,16,0.4,"334"
"35",35,"Jordan","740,502","+655","9,541","+11","721,895","+879","9,066","540","71,913","927","7,429,181","721,475","10,297,205","Asia","14","1,079",1,64,1,"880"
"36",36,"Serbia","713,840","+162","6,924","+7","701,411","+601","5,505","28","82,007","795","4,220,000","484,803","8,704,570","Europe","12","1,257",2,19,0.8,"632"
"37",37,"Switzerland","698,369","+1,077","10,838","+6","659,808","+1,100","27,723","107","80,148","1,244","7,857,449","901,761","8,713,445","Europe","12","804",1,124,0.7,"3,182"
"38",38,"Austria","647,079","+279","10,640","+1","631,294","+352","5,145","146","71,467","1,175","45,570,994","5,033,145","9,054,179","Europe","14","851",0,31,0.1,"568"
"39",39,"Malaysia","622,086","+5,271","3,460","+82","534,357","+7,548","84,269","902","18,995","106","12,752,267","389,373","32,750,801","Asia","53","9,466",3,161,3,"2,573"
"40",40,"Nepal","591,494","+3,370","7,990","+92","497,960","+6,951","85,544","","19,968","270","3,155,064","106,510","29,622,327","Asia","50","3,707",9,114,3,"2,888"
"41",41,"UAE","585,039","+1,968","1,702","+3","564,509","+1,933","18,828","","58,496","170","51,923,942","5,191,713","10,001,312","Asia","17","5,876",0,197,0.3,"1,883"
"42",42,"Lebanon","541,628","+71","7,769","+6","524,500","+1,024","9,359","90","79,687","1,143","4,513,473","664,043","6,796,955","Asia","13","875",2,10,0.9,"1,377"
"43",43,"Morocco","521,530","+104","9,181","+3","509,277","+194","3,072","101","13,976","246","6,568,573","176,023","37,316,643","Africa","72","4,065",6,3,0.08,"82"
"44",44,"Saudi Arabia","458,707","+1,161","7,471","+15","441,860","+1,216","9,376","1,579","12,988","212","19,836,639","561,681","35,316,556","Asia","77","4,727",2,33,0.4,"265"
"45",45,"Ecuador","432,739","+386","20,814","+5","398,645","","13,280","489","24,187","1,163","1,447,041","80,879","17,891,477","South America","41","860",12,22,0.3,"742"
"46",46,"Bulgaria","419,473","","17,820","","386,099","","15,554","287","60,796","2,583","2,904,717","420,994","6,899,657","Europe","16","387",2,NA,NA,"2,254"
"47",47,"Greece","410,166","+798","12,301","+24","382,817","+1,487","15,048","392","39,532","1,186","9,812,468","945,726","10,375,594","Europe","25","843",1,77,2,"1,450"
"48",48,"Belarus","400,422","+570","2,919","+9","392,744","+378","4,759","","42,389","309","6,438,423","681,572","9,446,429","Europe","24","3,236",1,60,1,"504"
"49",49,"Kazakhstan","395,064","+989","4,076","+19","367,285","+1,081","23,703","221","20,809","215","11,575,012","609,687","18,985,170","Asia","48","4,658",2,52,1,"1,249"
"50",50,"Slovakia","390,451","+15","12,414","+10","376,450","+10","1,587","59","71,484","2,273","2,863,317","524,215","5,462,104","Europe","14","440",2,3,2,"291"
"51",51,"Bolivia","387,162","+1,428","15,024","+43","306,819","+1,600","65,319","200","32,753","1,271","1,550,511","131,169","11,820,739","South America","31","787",8,121,4,"5,526"
"52",52,"Panama","382,475","","6,402","","368,365","","7,708","105","87,368","1,462","2,722,147","621,816","4,377,739","North America","11","684",2,NA,NA,"1,761"
"53",53,"Paraguay","373,165","","9,874","","306,695","","56,596","593","51,729","1,369","1,349,919","187,129","7,213,850","South America","19","731",5,NA,NA,"7,845"
"54",54,"Croatia","357,608","+43","8,091","+5","348,274","+277","1,243","49","87,613","1,982","2,047,218","501,565","4,081,660","Europe","11","504",2,11,1,"305"
"55",55,"Tunisia","355,732","","12,980","","311,340","","31,412","424","29,810","1,088","1,514,922","126,947","11,933,453","Africa","34","919",8,NA,NA,"2,632"
"56",56,"Georgia","349,405","+307","4,934","+24","334,519","+1,014","9,952","","87,745","1,239","5,158,150","1,295,356","3,982,034","Asia","11","807",1,77,6,"2,499"
"57",57,"Azerbaijan","334,747","+32","4,945","+4","327,114","+221","2,688","","32,741","484","3,572,418","349,412","10,224,074","Asia","31","2,068",3,3,0.4,"263"
"58",58,"Costa Rica","327,979","","4,153","","247,905","","75,921","520","63,842","808","1,267,269","246,679","5,137,329","North America","16","1,237",4,NA,NA,"14,778"
"59",59,"Kuwait","317,197","","1,795","","301,137","","14,265","153","73,270","415","2,671,013","616,984","4,329,142","Asia","14","2,412",2,NA,NA,"3,295"
"60",60,"Uruguay","316,535","","4,640","","275,138","","36,757","505","90,830","1,331","2,399,396","688,506","3,484,930","South America","11","751",1,NA,NA,"10,547"
"61",61,"Palestine","310,026","","3,517","","301,881","","4,628","18","59,493","675","1,842,852","353,640","5,211,099","Asia","17","1,482",3,NA,NA,"888"
"62",62,"Dominican Republic","301,984","+906","3,655","+1","246,216","+1,026","52,113","462","27,581","334","1,590,765","145,289","10,948,936","North America","36","2,996",7,83,0.09,"4,760"
"63",63,"Denmark","286,948","+459","2,520","+2","272,371","+803","12,057","19","49,379","434","59,154,699","10,179,468","5,811,178","Europe","20","2,306",0,79,0.3,"2,075"
"64",64,"Lithuania","276,543","+84","4,309","+2","259,909","+116","12,325","121","102,926","1,604","3,489,942","1,298,916","2,686,811","Europe","10","624",1,31,0.7,"4,587"
"65",65,"Ethiopia","273,024","+110","4,213","+4","246,883","+636","21,928","319","2,322","36","2,755,429","23,431","117,596,148","Africa","431","27,913",43,0.9,0.03,"186"
"66",66,"Egypt","267,972","","15,352","","196,604","","56,016","90","2,574","147","2,869,589","27,560","104,122,107","Africa","389","6,782",36,NA,NA,"538"
"67",67,"Ireland","264,826","+377","4,941","","247,362","+399","12,523","26","53,082","990","4,729,538","947,995","4,988,993","Europe","19","1,010",1,76,NA,"2,510"
"68",68,"Guatemala","262,255","+297","8,305","+11","239,804","+628","14,146","5","14,392","456","1,456,203","79,912","18,222,556","North America","69","2,194",13,16,0.6,"776"
"69",69,"Moldova","255,501","+48","6,137","+3","248,062","+22","1,302","60","63,475","1,525","1,141,292","283,535","4,025,228","Europe","16","656",4,12,0.7,"323"
"70",70,"Slovenia","255,432","+57","4,390","+2","247,381","+82","3,661","51","122,851","2,111","1,301,301","625,865","2,079,204","Europe","8","474",2,27,1,"1,761"
"71",71,"Bahrain","251,078","","1,119","","228,370","","21,589","335","142,977","637","4,730,469","2,693,772","1,756,076","Asia","7","1,569",0,NA,NA,"12,294"
"72",72,"Venezuela","242,138","","2,719","","222,531","","16,888","306","8,538","96","3,359,014","118,438","28,360,869","South America","117","10,431",8,NA,NA,"595"
"73",73,"Honduras","241,826","+252","6,479","+19","86,150","+104","149,197","528","24,061","645","734,600","73,090","10,050,647","North America","42","1,551",14,25,2,"14,845"
"74",74,"Oman","225,095","+1,216","2,424","+11","205,305","+825","17,366","297","43,067","464","1,550,000","296,556","5,226,665","Asia","23","2,156",3,233,2,"3,323"
"75",75,"Armenia","223,212","+32","4,463","+5","214,504","+141","4,245","","75,196","1,504","1,104,999","372,254","2,968,398","Asia","13","665",3,11,2,"1,430"
"76",76,"Qatar","218,798","+171","569","","215,635","+341","2,594","101","77,925","203","2,053,409","731,322","2,807,805","Asia","13","4,935",1,61,NA,"924"
"77",77,"Sri Lanka","207,979","+2,646","1,789","+47","176,045","+8,741","30,145","","9,675","83","3,557,469","165,489","21,496,762","Asia","103","12,016",6,123,2,"1,402"
"78",78,"Bosnia and Herzegovina","204,410","+106","9,411","+37","176,589","+303","18,410","","62,668","2,885","992,476","304,273","3,261,790","Europe","16","347",3,32,11,"5,644"
"79",79,"Libya","187,685","+407","3,146","+3","173,394","+208","11,145","","26,974","452","1,049,499","150,834","6,957,975","Africa","37","2,212",7,58,0.4,"1,602"
"80",80,"Thailand","179,886","+2,419","1,269","+33","129,516","+2,999","49,101","1,169","2,571","18","8,124,896","116,131","69,962,963","Asia","389","55,132",9,35,0.5,"702"
"81",81,"Kenya","172,639","+148","3,308","+21","118,226","+631","51,105","121","3,146","60","1,836,410","33,470","54,867,227","Africa","318","16,586",30,3,0.4,"931"
"82",82,"Nigeria","166,767","","2,117","","163,096","","1,554","11","791","10","2,133,061","10,116","210,862,829","Africa","1,264","99,605",99,NA,NA,"7"
"83",83,"North Macedonia","155,418","+1","5,458","+3","149,496","+204","464","25","74,602","2,620","814,518","390,976","2,083,294","Europe","13","382",3,0.5,1,"223"
"84",84,"Cuba","150,103","+1,185","1,025","+13","143,105","+1,156","5,973","173","13,260","91","4,484,454","396,147","11,320,178","North America","75","11,044",3,105,1,"528"
"85",85,"S. Korea","144,637","+485","1,974","+1","134,861","+599","7,802","152","2,819","38","9,972,297","194,353","51,310,261","Asia","355","25,993",5,9,0.02,"152"
"86",86,"Myanmar","144,456","+139","3,227","+2","132,525","+73","8,704","","2,639","59","2,633,023","48,093","54,748,857","Asia","379","16,966",21,3,0.04,"159"
"87",87,"Latvia","134,888","+76","2,413","","128,619","","3,856","53","72,259","1,293","2,724,204","1,459,344","1,866,732","Europe","14","774",1,41,NA,"2,066"
"88",88,"Albania","132,384","+5","2,452","+1","129,702","+38","230","18","46,049","853","741,271","257,845","2,874,870","Europe","22","1,172",4,2,0.3,"80"
"89",89,"Algeria","131,283","+325","3,527","+9","91,413","+215","36,343","24","2,945","79","230,861","5,178","44,584,638","Africa","340","12,641",193,7,0.2,"815"
"90",90,"Estonia","130,156","+37","1,264","+1","124,716","+57","4,176","10","98,056","952","1,450,619","1,092,855","1,327,366","Europe","10","1,050",1,28,0.8,"3,146"
"91",91,"Norway","126,923","+106","785","","88,952","","37,186","11","23,243","144","5,847,413","1,070,831","5,460,633","Europe","43","6,956",1,19,NA,"6,810"
"92",92,"Kyrgyzstan","107,335","+362","1,852","+5","100,722","+275","4,761","102","16,204","280","1,165,018","175,879","6,623,965","Asia","62","3,577",6,55,0.8,"719"
"93",93,"Uzbekistan","101,964","+242","696","","97,861","+147","3,407","23","3,006","21","1,377,915","40,624","33,919,080","Asia","333","48,734",25,7,NA,"100"
"94",94,"Zambia","100,765","+487","1,315","+7","93,694","+320","5,756","243","5,343","70","1,619,450","85,870","18,859,424","Africa","187","14,342",12,26,0.4,"305"
"95",95,"Montenegro","99,834","+22","1,594","+2","97,621","+43","619","60","158,936","2,538","422,387","672,441","628,140","Europe","6","394",1,35,3,"985"
"96",96,"Ghana","94,228","","787","","92,362","","1,079","6","2,975","25","1,188,952","37,538","31,673,311","Africa","336","40,246",27,NA,NA,"34"
"97",97,"Finland","93,281","+55","959","","46,000","","46,322","11","16,811","173","5,116,206","922,050","5,548,732","Europe","59","5,786",1,10,NA,"8,348"
"98",98,"Afghanistan","82,326","+1,582","3,251","+56","58,998","+376","20,077","1,124","2,072","82","501,465","12,619","39,739,418","Asia","483","12,224",79,40,1,"505"
"99",99,"Cameroon","78,929","","1,275","","73,974","","3,680","122","2,906","47","1,694,017","62,379","27,156,713","Africa","344","21,299",16,NA,NA,"136"
"100",100,"El Salvador","74,141","","2,274","+4","69,215","","2,652","27","11,377","349","1,000,769","153,571","6,516,640","North America","88","2,866",7,NA,0.6,"407"
"101",101,"Cyprus","72,779","","363","","70,701","","1,715","17","59,874","299","6,955,243","5,721,993","1,215,528","Asia","17","3,349",0,NA,NA,"1,411"
"102",102,"Mozambique","71,145","+31","838","+1","69,687","+25","620","17","2,219","26","561,181","17,502","32,064,110","Africa","451","38,263",57,1,0.03,"19"
"103",103,"Luxembourg","70,256","+74","818","","68,764","+208","674","2","110,567","1,287","2,942,489","4,630,793","635,418","Europe","9","777",0,116,NA,"1,061"
"104",104,"Maldives","67,950","","187","+2","48,086","","19,677","90","123,688","340","900,286","1,638,776","549,365","Asia","8","2,938",1,NA,4,"35,818"
"105",105,"Mongolia","66,443","+1,177","313","+2","54,081","+301","12,049","126","19,969","94","3,000,207","901,713","3,327,230","Asia","50","10,630",1,354,0.6,"3,621"
"106",106,"Singapore","62,210","+14","33","","61,660","+25","517","2","10,556","6","11,947,790","2,027,421","5,893,098","Asia","95","178,579",0,2,NA,"88"
"107",107,"Namibia","59,092","+385","920","+8","52,390","+358","5,782","57","22,873","356","450,044","174,197","2,583,535","Africa","44","2,808",6,149,3,"2,238"
"108",108,"Botswana","58,095","+1,878","885","+19","53,887","+1,212","3,323","1","24,251","369","1,193,343","498,142","2,395,587","Africa","41","2,707",2,784,8,"1,387"
"109",109,"Uganda","53,961","+1,026","383","","47,760","","5,818","24","1,146","8","1,151,421","24,460","47,073,485","Africa","872","122,907",41,22,NA,"124"
"110",110,"Jamaica","48,983","+32","971","+1","26,424","+129","21,588","7","16,475","327","394,958","132,840","2,973,189","North America","61","3,062",8,11,0.3,"7,261"
"111",111,"Ivory Coast","47,490","","306","","46,969","","215","","1,760","11","654,588","24,260","26,982,137","Africa","568","88,177",41,NA,NA,"8"
"112",112,"Madagascar","41,742","+52","866","+5","40,870","+57","6","123","1,472","31","205,410","7,246","28,348,924","Africa","679","32,735",138,2,0.2,"0.2"
"113",113,"Senegal","41,713","+33","1,148","+2","40,298","+17","267","5","2,432","67","529,540","30,874","17,151,628","Africa","411","14,940",32,2,0.1,"16"
"114",114,"Zimbabwe","39,189","","1,606","","36,728","","855","1","2,602","107","485,600","32,237","15,063,589","Africa","384","9,380",31,NA,NA,"57"
"115",115,"Sudan","36,004","","2,697","","29,716","","3,591","","804","60","232,965","5,201","44,796,168","Africa","1,244","16,610",192,NA,NA,"80"
"116",116,"Angola","35,772","","797","","28,880","","6,095","9","1,058","24","587,595","17,380","33,809,466","Africa","945","42,421",58,NA,NA,"180"
"117",117,"Cambodia","34,833","+589","266","+3","28,092","+945","6,475","","2,057","16","1,195,788","70,616","16,933,607","Asia","486","63,660",14,35,0.2,"382"
"118",118,"Malawi","34,390","","1,157","","32,667","","566","10","1,756","59","248,986","12,712","19,586,779","Africa","570","16,929",79,NA,NA,"29"
"119",119,"DRC","33,338","+136","805","+1","27,751","","4,782","","362","9","163,710","1,778","92,073,973","Africa","2,762","114,378",562,1,0.01,"52"
"120",120,"Cabo Verde","31,097","","267","","29,647","","1,183","23","55,373","475","161,272","287,168","561,594","Africa","18","2,103",3,NA,NA,"2,107"
"121",121,"Malta","30,571","","419","","30,080","+2","72","","69,066","947","942,552","2,129,402","442,637","Europe","14","1,056",0,NA,NA,"163"
"122",122,"Australia","30,194","+19","910","","29,147","+21","137","1","1,171","35","18,921,069","734,100","25,774,528","Australia/Oceania","854","28,324",1,0.7,NA,"5"
"123",123,"Rwanda","27,245","","360","","26,225","","660","7","2,056","27","1,471,375","111,055","13,249,033","Africa","486","36,803",9,NA,NA,"50"
"124",124,"Trinidad and Tobago","26,410","","577","","15,911","","9,922","22","18,815","411","198,200","141,198","1,403,704","North America","53","2,433",7,NA,NA,"7,068"
"125",125,"French Guiana","24,935","+210","126","+5","9,995","","14,814","30","81,531","412","262,786","859,238","305,836","South America","12","2,427",1,687,16,"48,438"
"126",126,"Réunion","24,901","","189","","22,796","","1,916","35","27,629","210","102,720","113,975","901,251","Africa","36","4,769",9,NA,NA,"2,126"
"127",127,"Syria","24,659","","1,793","","21,635","","1,231","","1,378","100","103,566","5,788","17,893,738","Asia","726","9,980",173,NA,NA,"69"
"128",128,"Gabon","24,591","","154","","22,815","","1,622","17","10,813","68","821,940","361,403","2,274,304","Africa","92","14,768",3,NA,NA,"713"
"129",129,"Guinea","23,255","","162","","21,284","","1,809","24","1,727","12","455,009","33,800","13,461,858","Africa","579","83,098",30,NA,NA,"134"
"130",130,"Mayotte","20,176","","173","","2,964","","17,039","6","72,341","620","176,919","634,343","278,901","Africa","14","1,612",2,NA,NA,"61,093"
"131",131,"Mauritania","19,817","","468","","18,805","","544","16","4,161","98","275,152","57,774","4,762,588","Africa","240","10,176",17,NA,NA,"114"
"132",132,"French Polynesia","18,889","","142","","18,721","","26","1","66,883","503","26,355","93,319","282,418","Australia/Oceania","15","1,989",11,NA,NA,"92"
"133",133,"Eswatini","18,653","","673","","17,903","","77","9","15,925","575","213,360","182,154","1,171,319","Africa","63","1,740",5,NA,NA,"66"
"134",134,"Guyana","17,665","","409","","15,374","","1,882","20","22,358","518","161,186","204,012","790,082","South America","45","1,932",5,NA,NA,"2,382"
"135",135,"Suriname","16,541","","350","","12,518","","3,673","34","27,964","592","66,245","111,992","591,515","South America","36","1,690",9,NA,NA,"6,209"
"136",136,"Guadeloupe","16,530","","221","","2,250","","14,059","29","41,306","552","201,479","503,461","400,188","North America","24","1,811",2,NA,NA,"35,131"
"137",137,"Papua New Guinea","16,374","+47","164","","15,659","+18","551","7","1,799","18","117,373","12,892","9,103,995","Australia/Oceania","556","55,512",78,5,NA,"61"
"138",138,"Haiti","15,754","+150","330","+2","12,557","+5","2,867","","1,366","29","71,047","6,161","11,531,538","North America","732","34,944",162,13,0.2,"249"
"139",139,"Somalia","14,768","+20","773","","6,964","+21","7,031","","906","47","136,782","8,390","16,302,721","Africa","1,104","21,090",119,1,NA,"431"
"140",140,"Mali","14,302","+4","519","","9,880","+7","3,903","","688","25","301,621","14,508","20,789,354","Africa","1,454","40,057",69,0.2,NA,"188"
"141",141,"Andorra","13,777","+19","127","","13,557","+30","93","3","178,043","1,641","193,595","2,501,874","77,380","Europe","6","609",0,246,NA,"1,202"
"142",142,"Togo","13,539","","125","","13,249","","165","","1,601","15","340,483","40,255","8,458,174","Africa","625","67,665",25,NA,NA,"20"
"143",143,"Burkina Faso","13,453","","167","","13,265","","21","","628","8","190,723","8,899","21,432,708","Africa","1,593","128,340",112,NA,NA,"1.0"
"144",144,"Tajikistan","13,308","","90","","13,218","","0","","1,367","9","","","9,735,833","Asia","732","108,176",NA,NA,NA,""
"145",145,"Belize","12,861","","325","","12,439","","97","2","31,809","804","136,449","337,482","404,315","North America","31","1,244",3,NA,NA,"240"
"146",146,"Curaçao","12,279","","123","","12,137","","19","4","74,546","747","113,243","687,500","164,717","North America","13","1,339",1,NA,NA,"115"
"147",147,"Seychelles","12,158","","42","","10,883","","1,233","","122,916","425","21,504","217,403","98,913","Africa","8","2,355",5,NA,NA,"12,465"
"148",148,"Martinique","12,040","","95","","98","","11,847","8","32,107","253","182,468","486,589","374,994","North America","31","3,947",2,NA,NA,"31,593"
"149",149,"Bahamas","11,930","","232","","10,932","","766","5","30,071","585","98,894","249,270","396,734","North America","33","1,710",4,NA,NA,"1,931"
"150",150,"Congo","11,920","","155","","10,591","","1,174","","2,112","27","148,855","26,376","5,643,656","Africa","473","36,411",38,NA,NA,"208"
"151",151,"Hong Kong","11,866","+7","210","","11,584","","72","1","1,571","28","16,710,131","2,212,238","7,553,497","Asia","637","35,969",0,0.9,NA,"10"
"152",152,"Djibouti","11,565","+3","154","","11,389","+4","22","","11,550","154","161,876","161,662","1,001,325","Africa","87","6,502",6,3,NA,"22"
"153",153,"Taiwan","11,491","+214","286","+26","1,133","","10,072","","482","12","1,145,020","47,995","23,856,896","Asia","2,076","83,416",21,9,1,"422"
"154",154,"Aruba","11,057","","107","","10,886","","64","14","103,155","998","168,353","1,570,633","107,188","North America","10","1,002",1,NA,NA,"597"
"155",155,"Lesotho","10,837","","326","","6,437","","4,074","","5,022","151","94,973","44,009","2,158,030","Africa","199","6,620",23,NA,NA,"1,888"
"156",156,"South Sudan","10,688","","115","","10,514","","59","","945","10","164,472","14,535","11,315,543","Africa","1,059","98,396",69,NA,NA,"5"
"157",157,"Vietnam","8,983","+236","53","","3,509","+141","5,421","","92","0.5","4,941,514","50,345","98,152,177","Asia","10,926","1,851,928",20,2,NA,"55"
"158",158,"Equatorial Guinea","8,626","","118","","8,203","","305","7","5,968","82","123,169","85,210","1,445,484","Africa","168","12,250",12,NA,NA,"211"
"159",159,"Benin","8,082","","102","","7,893","","87","5","651","8","604,310","48,669","12,416,618","Africa","1,536","121,732",21,NA,NA,"7"
"160",160,"Timor-Leste","7,740","","17","","5,321","","2,402","","5,769","13","92,122","68,661","1,341,702","Asia","173","78,924",15,NA,NA,"1,790"
"161",161,"Nicaragua","7,481","","187","","4,225","","3,069","","1,117","28","","","6,697,710","North America","895","35,817",NA,NA,NA,"458"
"162",162,"CAR","7,091","","98","","6,859","","134","2","1,445","20","54,814","11,169","4,907,580","Africa","692","50,077",90,NA,NA,"27"
"163",163,"Yemen","6,812","+25","1,336","+7","3,588","+17","1,888","23","224","44","73,845","2,426","30,433,776","Asia","4,468","22,780",412,0.8,0.2,"62"
"164",164,"Iceland","6,612","+8","30","","6,530","+3","52","2","19,260","87","689,619","2,008,782","343,302","Europe","52","11,443",0,23,NA,"151"
"165",165,"Gambia","5,999","","179","","5,796","","24","3","2,420","72","81,795","32,990","2,479,365","Africa","413","13,851",30,NA,NA,"10"
"166",166,"Niger","5,439","","192","","5,132","","115","2","217","8","109,969","4,396","25,013,686","Africa","4,599","130,280",227,NA,NA,"5"
"167",167,"Saint Lucia","5,133","","80","","4,899","","154","","27,835","434","49,268","267,168","184,408","North America","36","2,305",4,NA,NA,"835"
"168",168,"San Marino","5,090","","90","","4,998","","2","","149,719","2,647","66,865","1,966,791","33,997","Europe","7","378",1,NA,NA,"59"
"169",169,"Chad","4,939","","174","","4,757","","8","","293","10","121,603","7,212","16,861,045","Africa","3,414","96,903",139,NA,NA,"0.5"
"170",170,"Burundi","4,925","+20","8","","773","","4,144","","403","0.7","309,390","25,323","12,217,643","Africa","2,481","1,527,205",39,2,NA,"339"
"171",171,"Eritrea","4,427","","14","","3,894","","519","","1,232","4","23,693","6,596","3,591,953","Africa","811","256,568",152,NA,NA,"144"
"172",172,"Gibraltar","4,300","","94","","4,199","+2","7","","127,665","2,791","259,601","7,707,410","33,682","Europe","8","358",0,NA,NA,"208"
"173",173,"Sierra Leone","4,208","+7","79","","3,161","+4","968","","518","10","153,257","18,857","8,127,162","Africa","1,931","102,875",53,0.9,NA,"119"
"174",174,"Channel Islands","4,066","","86","","3,956","","24","","23,188","490","454,413","2,591,433","175,352","Europe","43","2,039",0,NA,NA,"137"
"175",175,"Barbados","4,031","","47","","3,922","","62","","14,011","163","173,381","602,639","287,703","North America","71","6,121",2,NA,NA,"216"
"176",176,"Comoros","3,888","","146","","3,736","","6","","4,385","165","","","886,745","Africa","228","6,074",NA,NA,NA,"7"
"177",177,"Guinea-Bissau","3,787","","68","","3,529","","190","4","1,883","34","69,167","34,394","2,011,017","Africa","531","29,574",29,NA,NA,"94"
"178",178,"Liechtenstein","3,022","","58","","2,942","+8","22","3","79,048","1,517","45,301","1,184,959","38,230","Europe","13","659",1,NA,NA,"575"
"179",179,"New Zealand","2,682","","26","","2,639","","17","","536","5","2,159,702","431,759","5,002,100","Australia/Oceania","1,865","192,388",2,NA,NA,"3"
"180",180,"Monaco","2,508","","33","","2,469","","6","1","63,492","835","51,953","1,315,233","39,501","Europe","16","1,197",1,NA,NA,"152"
"181",181,"Bermuda","2,494","","33","","2,451","","10","7","40,184","532","279,944","4,510,570","62,064","North America","25","1,881",0,NA,NA,"161"
"182",182,"Sint Maarten","2,479","","29","","2,368","","82","2","57,215","669","28,642","661,051","43,328","North America","17","1,494",2,NA,NA,"1,893"
"183",183,"Turks and Caicos","2,421","","17","","2,387","","17","2","61,755","434","94,789","2,417,902","39,203","North America","16","2,306",0,NA,NA,"434"
"184",184,"Sao Tome and Principe","2,353","","37","","2,297","","19","","10,555","166","13,834","62,056","222,929","Africa","95","6,025",16,NA,NA,"85"
"185",185,"Liberia","2,290","+8","88","","2,055","+2","147","2","443","17","109,435","21,177","5,167,621","Africa","2,257","58,723",47,2,NA,"28"
"186",186,"St. Vincent Grenadines","2,076","","12","","1,845","","219","2","18,658","108","49,768","447,280","111,268","North America","54","9,272",2,NA,NA,"1,968"
"187",187,"Saint Martin","2,040","","12","","1,399","","629","7","51,939","306","27,588","702,396","39,277","North America","19","3,273",1,NA,NA,"16,014"
"188",188,"Laos","1,968","+5","3","","1,720","+6","245","","267","0.4","262,163","35,555","7,373,477","Asia","3,747","2,457,826",28,0.7,NA,"33"
"189",189,"Bhutan","1,703","+16","1","","1,405","+17","297","","2,185","1","798,573","1,024,474","779,496","Asia","458","779,496",1,21,NA,"381"
"190",190,"Caribbean Netherlands","1,616","","17","","1,580","","19","","61,099","643","8,550","323,264","26,449","North America","16","1,556",3,NA,NA,"718"
"191",191,"Isle of Man","1,598","","29","","1,562","","7","1","18,701","339","64,093","750,056","85,451","Europe","53","2,947",1,NA,NA,"82"
"192",192,"Mauritius","1,458","","18","","1,206","","234","","1,145","14","358,675","281,594","1,273,732","Africa","874","70,763",4,NA,NA,"184"
"193",193,"Antigua and Barbuda","1,263","","42","","1,214","","7","","12,799","426","16,700","169,230","98,682","North America","78","2,350",6,NA,NA,"71"
"194",194,"St. Barth","1,005","","1","","462","","542","","101,464","101","26,385","2,663,806","9,905","North America","10","9,905",0,NA,NA,"54,720"
"195",195,"Fiji","751","+64","4","","230","+37","517","2","832","4","126,476","140,142","902,482","Australia/Oceania","1,202","225,621",7,71,NA,"573"
"196",196,"Faeroe Islands","744","+1","1","","699","+2","44","","15,173","20","286,527","5,843,197","49,036","Europe","66","49,036",0,20,NA,"897"
"197",197,"Diamond Princess","712","","13","","699","","0","","","","","","","","","",NA,NA,NA,""
"198",198,"Cayman Islands","587","","2","","575","","10","","8,835","30","99,576","1,498,781","66,438","North America","113","33,219",1,NA,NA,"151"
"199",199,"Tanzania","509","","21","","183","","305","7","8","0.3","","","61,305,241","Africa","120,443","2,919,297",NA,NA,NA,"5"
"200",200,"Wallis and Futuna","445","","7","","438","","0","","40,253","633","20,508","1,855,088","11,055","Australia/Oceania","25","1,579",1,NA,NA,""
"201",201,"British Virgin Islands","248","","1","","209","","38","","8,153","33","39,777","1,307,680","30,418","North America","123","30,418",1,NA,NA,"1,249"
"202",202,"Brunei","244","","3","","231","","10","","553","7","129,279","292,904","441,370","Asia","1,809","147,123",3,NA,NA,"23"
"203",203,"Dominica","188","","","","188","+1","0","","2,606","","17,381","240,894","72,152","North America","384","",4,NA,NA,""
"204",204,"Grenada","161","","1","","160","","0","","1,425","9","28,684","253,823","113,008","North America","702","113,008",4,NA,NA,""
"205",205,"New Caledonia","128","","","","58","","70","","444","","33,057","114,763","288,047","Australia/Oceania","2,250","",9,NA,NA,"243"
"206",206,"Anguilla","109","","","","109","","0","","7,206","","22,201","1,467,641","15,127","North America","139","",1,NA,NA,""
"207",207,"Saint Kitts and Nevis","83","","","","51","","32","","1,550","","16,831","314,310","53,549","North America","645","",3,NA,NA,"598"
"208",208,"Falkland Islands","63","","","","63","","0","","17,627","","7,307","2,044,488","3,574","South America","57","",0,NA,NA,""
"209",209,"Macao","51","","","","49","","2","","78","","4,483","6,818","657,547","Asia","12,893","",147,NA,NA,"3"
"210",210,"Greenland","43","","","","34","","9","","756","","26,225","461,204","56,862","North America","1,322","",2,NA,NA,"158"
"211",211,"Vatican City","27","","","","27","","0","","33,624","","","","803","Europe","30","",NA,NA,NA,""
"212",212,"Saint Pierre Miquelon","25","","","","25","","0","","4,334","","5,736","994,452","5,768","North America","231","",1,NA,NA,""
"213",213,"Montserrat","20","","1","","19","","0","","4,004","200","1,408","281,882","4,995","North America","250","4,995",4,NA,NA,""
"214",214,"Solomon Islands","20","","","","20","","0","","28","","4,500","6,406","702,457","Australia/Oceania","35,123","",156,NA,NA,""
"215",215,"Western Sahara","10","","1","","8","","1","","16","2","","","610,917","Africa","61,092","610,917",NA,NA,NA,"2"
"216",216,"MS Zaandam","9","","2","","7","","0","","","","","","","","","",NA,NA,NA,""
"217",217,"Vanuatu","4","","1","","3","","0","","13","3","23,000","73,299","313,783","Australia/Oceania","78,446","313,783",14,NA,NA,""
"218",218,"Marshall Islands","4","","","","4","","0","","67","","","","59,561","Australia/Oceania","14,890","",NA,NA,NA,""
"219",219,"Samoa","3","","","","3","","0","","15","","","","199,640","Australia/Oceania","66,547","",NA,NA,NA,""
"220",220,"Saint Helena","2","","","","2","","0","","328","","","","6,094","Africa","3,047","",NA,NA,NA,""
"221",221,"Micronesia","1","","","","1","","0","","9","","","","116,143","Australia/Oceania","116,143","",NA,NA,NA,""
"222",222,"China","91,267","+19","4,636","","86,228","+8","403","10","63","3","160,000,000","111,163","1,439,323,776","Asia","15,770","310,467",9,0.01,NA,"0.3"
"223",NA,"Total:","39,982,288","+7,144","902,709","+160","32,948,865","+16,039","6,130,714","12,847","","","","","","North America","","",NA,NA,NA,""
"224",NA,"Total:","52,594,230","+145,216","714,706","+3,190","49,302,979","+266,155","2,576,545","28,466","","","","","","Asia","","",NA,NA,NA,""
"225",NA,"Total:","29,702,965","+8,952","917,195","+174","26,805,723","+9,148","1,980,047","30,742","","","","","","South America","","",NA,NA,NA,""
"226",NA,"Total:","46,924,624","+29,321","1,079,599","+748","44,097,783","+73,385","1,747,242","12,081","","","","","","Europe","","",NA,NA,NA,""
"227",NA,"Total:","4,970,047","+5,184","132,748","+83","4,470,994","+3,911","366,305","2,423","","","","","","Africa","","",NA,NA,NA,""
"228",NA,"Total:","69,495","+130","1,254","","66,923","","1,318","11","","","","","","Australia/Oceania","","",NA,NA,NA,""
"229",NA,"Total:","721","","15","","706","","0","0","","","","","","","","",NA,NA,NA,""
"230",NA,"Total:","174,244,370","+195,947","3,748,226","+4,355","157,693,973","+368,714","12,802,171","86,570","22,353.9","480.9","","","","All","","",NA,NA,NA,""
